{
  "id": "rnk-reserves",
  "title": "RNK™ Reserves",
  "description": "Hero Points system for D&D 2024, with GM controls and player spending buttons on rolls.<br><a href='https://www.patreon.com/RagNaroks'><b>Full updates & exclusives on Patreon</b></a>.",
  "authors": [
    {
      "name": "RNK Enterprise",
      "url": "https://github.com/RNK-Enterprise"
    },
    {
      "name": "Odinn",
      "url": "https://www.patreon.com/RagNaroks",
      "discord": "RagNaroks#1234"
    }
  ],
  "version": "1.3.0",
  "compatibility": {
    "minimum": "12",
    "verified": "13.0.0"
  },
  "url": "https://github.com/RNK-Enterprise/rnk-reserves",
  "manifest": "https://github.com/RNK-Enterprise/rnk-reserves/releases/latest/download/module.json",
  "download": "https://github.com/RNK-Enterprise/rnk-reserves/releases/download/v1.3.0/module.zip",
  "esmodules": [
    "src/main.js"
  ],
  "styles": [
    "styles/rnk-reserves.css",
    "styles/log-viewer.css"
  ],
  "languages": [
    {
      "lang": "en",
      "name": "English",
      "path": "languages/en.json"
    }
  ],
  "socket": true
}