{
  "id": "rnk-reserves",
  "title": "RNK Reserves",
  "description": "Hero Points system for D&D 2024, with GM controls and player spending buttons on rolls.",
  "authors": [
    {
      "name": "RNK Enterprise",
      "url": "https://patreon.com/RagNaroks"
    }
  ],
  "version": "1.2.0",
  "compatibility": {
    "minimum": "13",
    "verified": "13"
  },
  "esmodules": [
    "src/main.js"
  ],
  "styles": [
    "styles/rnk-reserves.css"
  ],
  "languages": [
    {
      "lang": "en",
      "name": "English",
      "path": "languages/en.json"
    }
  ],
  "socket": true,
  "protected": false,
  "url": "https://github.com/RNK-Enterprise/rnk-reserves",
  "manifest": "https://raw.githubusercontent.com/RNK-Enterprise/rnk-reserves/main/module.json",
  "download": "https://github.com/RNK-Enterprise/rnk-reserves/releases/download/v1.1.0/rnk-reserves-v1.1.0.zip",
  "relationships": {
    "systems": [
      {
        "id": "dnd5e",
        "type": "system",
        "compatibility": {
          "minimum": "3.0.0"
        }
      }
    ]
  }
}